id,email
e001,"Temat: Pytanie o dostępność zapięcia U-lock w czarnym kolorze

Cześć,

Interesuje mnie zapięcie U-lock, które widzę na waszej stronie, ale dostępne jest tylko w srebrnym kolorze. Czy macie informacje, kiedy będzie dostępne w czarnym? Jeśli nie będzie dostępne, mogę zainteresować się alternatywnym modelem. Z góry dziękuję za odpowiedź.

Pozdrawiam,
Anna"
e002,"Temat: Pytanie o wymiary zapięcia U-lock

Cześć,

Chciałbym się dowiedzieć jakie są dokładne wymiary i waga zapięcia U-lock, które widzę w Waszym sklepie. Zastanawiam się nad zakupem tego modelu, ale potrzebuję informacji czy zmieści się w plecaku i czy nie będzie zbyt ciężki do noszenia codziennie. Możliwe, że złożę zamówienie, ale najpierw chciałbym mieć pewność, że będzie to odpowiedni rozmiar.

Dzięki za pomoc!
Marcin"
e003,"Temat: Paczka nie została dostarczona

Cześć,
kurier był dzisiaj i zostawił karteczkę, że paczka do mnie nie została dostarczona. Chciałbym wiedzieć, co się stało i jak mogę ją odebrać - czy powinienem zadzwonić do kuriera, czy wy się tym zajmiecie? Zamówiłem zestaw kluczy do roweru i potrzebowałem go na ten weekend. Czekam na wiadomość.

Pozdrawiam,
Jakub"
e004,"Temat: Zmiana adresu dostawy - zamówienie BG-97841

Cześć,

Właśnie złożyłem zamówienie na sakkę na bagażnik (BG-97841), ale okazało się, że podałem zły adres dostawy. Czy jest jeszcze możliwość zmienienia go, zanim paczka zostanie wysłana? Nowy adres to ul. Słoneczna 15, 30-123 Kraków. Będę bardzo wdzięczny za szybką odpowiedź.

Pozdrawiam,
Michał"
e005,"Temat: Uszkodzone zapięcie U-lock

Cześć,

Kupiłem u was zapięcie U-lock tydzień temu i niestety przestało działać po kilku dniach użytkowania. Klucz się nie przekręca i nie da się go otworzyć ani zamknąć. Chciałbym wiedzieć, czy mogę to wymienić na nowe lub uzyskać zwrot pieniędzy. Produktu używałem normalnie, bez żadnych uszkodzeń z mojej strony.

Czekam na wiadomość.

Pozdrawiam,
Paweł"
e006,"Temat: Prośba o katalog produktów

Cześć, czy mogę prosić o wysłanie mi waszego katalogu oraz zapisu do newslettera, szczególnie jestem zainteresowana pompkami podłogowymi do rowerów (zam. BG-45382)?

Pozdrawiam,
Marta"
e007,"Temat: Pytanie o gwarancję na pompkę podłogową

Cześć,
Chciałabym się dowiedzieć, jaka gwarancja obowiązuje na pompkę podłogową, którą chcę sobie kupić. Czy mogę się spodziewać, że wytrzyma kilka lat zwykłego użytku? Pytam bo chcę być pewna przed złożeniem zamówienia, szczególnie jeśli będę jej używać często do opon rowerowych i motocyklowych. Z góry dziękuję za odpowiedź.

Pozdrawiam,
Magda"
e008,"Temat: Wrong Product Received - Order BG-45093

Hello,

I am writing to inform you about an issue with my recent order from BikeGear.pl. I ordered a front LED bike light in red color (model XL-500), but I received the same lamp in blue instead.

The product itself appears to be in good condition, but it is not what I ordered. I would like to exchange it for the correct color as soon as possible, as I need it for my upcoming cycling trip this weekend.

Could you please advise me on how to proceed with the exchange? I am happy to return the blue lamp at my own cost if necessary.

My order number is BG-45093.

Thank you for your assistance.

Best regards,
Ola"
e009,"Temat: Prośba o fakturę na firmę

Dzień dobry,

Zamówiłem u Was pompkę podłogową i chciałbym prosić o wystawienie faktury na moją firmę zamiast paragonu. Potrzebuję jej do rozliczeń księgowych. Czy jest to możliwe i jak długo to zajmie? Proszę o przesłanie wszystkich niezbędnych danych potrzebnych do wystawienia faktury.

Z poważaniem,
Paweł"
e010,"Temat: Zmiana adresu dostawy zamówienie BG-94259

Cześć,

Złożyłam zamówienie pompki podłogowej (nr BG-94259) i właśnie zdałam sobie sprawę, że podałam złą ulicę. Mogę prosić o zmianę adresu dostawy, zanim paczka zostanie wysłana? Właściwy adres to ul. Słoneczna 15, 80-001 Gdańsk. Chciałabym uniknąć problemów z dostawą, więc liczę na szybką zmianę. Z góry dziękuję za pomoc!

Magda"
e011,"Temat: Zwrot pieniędzy za anulowane zamówienie BG-83579

Cześć,

Zamówiłam u was sakwę na bagażnik, ale musiałam anulować zamówienie (numer BG-83579). Chciałabym się dowiedzieć, kiedy pojawią się zwrócone pieniądze na moim koncie? Zapłaciłam kartą, a od anulowania minął już kilka dni. Czy mogę liczyć na szybki zwrot?

Z góry dzięki za pomoc.

Pozdrawiam,
Kasia"
e012,"Temat: Pytanie o gwarancję - zestaw kluczy do roweru

Cześć,

Jestem zainteresowany zakupem zestawu kluczy do roweru, ale przed złożeniem zamówienia chciałbym wiedzieć, jaką gwarancję udzielacie na ten produkt. Czy obejmuje ona wady fabryczne i na jak długo? Dodatkowo pytam, czy w przypadku wysyłki towaru otrzymam jakieś dokumenty potwierdzające gwarancję.

Z góry dziękuję za odpowiedź.

Krzysztof"
e013,"Temat: Paczka nie została dostarczona

Cześć,
dzisiaj miał przyjść kurier z moim kaskiem rowerowym, ale nikt nie był w domu i nie zostawił paczki. Nie wiem gdzie teraz jest i co powinienem zrobić. Czy mogę jakoś to przeorganizować, żeby dostawa trafiła do mnie innym razem albo może odebrać ją z punktu? Proszę o pomoc.

Pozdrawiam,
Tomasz"
e014,"Temat: Zwrot dzwonka - zły rozmiar zamówienie BG-16175

Cześć,
Otrzymałem dziś paczkę z dzwonkiem, ale niestety wysłaliście mi czarny, a ja zamawiałem srebrny. Mogę go odesłać i dostać właściwy? Zamówienie to BG-16175. Dajcie mi znać, jak to załatwić, bo potrzebuję tego dzwonka na weekend.

Jakub"
e015,"Temat: Zapytanie dotyczące oferty pozycjonowania

Cześć,

Otrzymałem e-mail z propozycją pozycjonowania strony BikeGear.pl w bardzo niskiej cenie. Zanim cokolwiek podejmę, chciałbym wiedzieć, czy to rzeczywiście oferta od Was czy może to kolejny spam. Niedawno zamawiałem u Was sakwę na bagażnik (zamówienie BG-99192) i jestem zadowolony z obsługi, ale nie chciałbym, żeby ktoś inny nabierał nas na takie „super oferty"". Czy mogę liczyć na odpowiedź?

Pozdrawiam,
Magda"
e016,"Temat: Re: Oferta usług księgowych

Cześć,

dziękuję za wiadomość, ale nie jestem zainteresowany waszymi usługami. Jestem zwykłym klientem, a nie firmą – zamówiłem tylko uchwyt na telefon (zamówienie BG-88104) do swojego roweru. Myślę, że dostaliście mój mail przez pomyłkę albo wziął mnie za biznes. Pozdrawiam i powodzenia w poszukiwaniu klientów.

Piotr"
e017,"Temat: Paczka nie została dostarczona

Cześć,
Kurier był dziś u mnie, ale nie zostawił paczki z dzwonkiem. Poszedł bez dzwonienia do drzwi, a ja byłam w domu. Co mam teraz zrobić? Czy paczka wróci do was czy mogę ją odebrać gdzieś indziej? Proszę o pomoc.
Pozdrawiam,
Kasia"
e018,"Temat: Pytanie o zapięcie U-lock do mojego roweru

Cześć,
Chciałabym się dowiedzieć, czy zapięcie U-lock z waszej oferty będzie pasować do mojego roweru marki Trek Domane AL 2. Interesuje mnie konkretnie model ze zdjęcia na stronie - ten czarny o wymiarach 110 mm. Czy to zapięcie zmieści się na ramie i czy jest wystarczająco długie do zabezpieczenia ramy i koła? Dziękuję za odpowiedź.

Pozdrawiam,
Magda"
e019,"Temat: Brak potwierdzenia płatności zamówienia BG-30730

Dzień dobry,

Mam nadzieję, że wiadomość znajduje Państwa w dobrej formie. Piszę w sprawie mojego zamówienia kaska rowerowego złożonego dziś rano pod numerem BG-30730.

Dokonałem płatności kartą kredytową, jednak do tej pory nie otrzymałem wiadomości e-mail potwierdzającej transakcję. Chciałbym upewnić się, że płatność przeszła prawidłowo, ponieważ potrzebuję tego artykułu na początku przyszłego tygodnia.

Byłbym bardzo wdzięczny, gdyby zespół BikeGear.pl mógł sprawdzić status mojej płatności i przesłać potwierdzenie do jutra wieczorem. W razie jakichkolwiek problemów proszę o szybki kontakt.

Z góry dziękuję za szybką odpowiedź.

Pozdrawiam,
Piotr"
e020,"Temat: Zwrot lampki LED

Cześć,

Kupiłem u Was lampkę rowerową LED około tydzień temu, ale okazało się, że nie pasuje mi do mojego roweru. Chciałbym ją zwrócić w terminie 14 dni, który jeszcze mam. Czy mogę prosić o instrukcje jak to zrobić? Lampka jest nieużywana, w oryginalnym opakowaniu.

Pozdrawiam,
Krzysztof"
e021,"Temat: Pytanie dotyczące dzwonka do roweru - zamówienie BG-23947

Cześć,

Niedawno kupiłam u Was dzwonek do roweru (zamówienie BG-23947) i jestem bardzo zadowolona z jakości. Chciałabym się zapytać, czy macie możliwość zatrudnienia - szukam pracy na stanowisku sprzedawcy lub obsługi klienta i bardzo mi się podoba Wasza firma. Czy mogę wysłać CV? Liczę na odpowiedź.

Pozdrawiam,
Ola"
e022,"Temat: Zmiana adresu dostawy - zamówienie BG-59009

Cześć,

Właśnie złożyłem u was zamówienie dzwonka (nr BG-59009), ale zdałem sobie sprawę, że podałem zły adres dostawy. Czy jest możliwość zmianę adresu przed wysyłką? Chciałbym, aby paczka trafiła na mój adres w Krakowie zamiast tego, który pierwotnie wpisałem. Będę wdzięczny za szybką odpowiedź.

Pozdrawiam,
Paweł"
e023,"Temat: Problem z podwójnym pobraniem płatności

Cześć,

Chciałem zgłosić problem z moją ostatnią transakcją. Zamawiałem dzwonek do roweru, ale okazało się, że płatność została pobrana mi dwa razy z karty. Możecie to sprawdzić i zwrócić mi jedną część pieniędzy? Z góry dziękuję za szybką pomoc.

Pozdrawiam,
Ola"
e024,"Temat: Podziękowanie za szybką wysyłkę zamówienia BG-24662

Dzień dobry,

chciałem podziękować za niezwykle szybką realizację mojego zamówienia. Uchwyt na telefon zamówiłem w środę, a już w piątek miał go u siebie. To wyjątkowa sprawa – rzadko kiedy sklepy internetowe pracują tak efektywnie.

Produkt jest dokładnie taki, jak na zdjęciach na stronie. Montaż na kierownicy przebiegł bez problemów, a telefon trzyma się stabilnie.

Chciałbym jednak wyraźnie zaznaczyć, że oczekuję takiego poziomu obsługi przy każdym kolejnym zamówieniu. Jeśli w przyszłości doświadczę opóźnień lub niezgodności z opisem towaru bez wyraźnego uzasadnienia, będę zmuszony złożyć zawiadomienie do UOKiK.

Pozdrawiam,
Michał"
e025,"Temat: Pytanie o dropshipping dla sklepu + błąd w zamówieniu BG-84364

Dzień dobry,

Trafiłem na Waszą stronę i jestem zainteresowany współpracą w modelu dropshipping. Prowadzę sklep internetowy i szukam niezawodnego dostawcy akcesoriów rowerowych. Czy oferujecie usługę dropshippingu i jakie są warunki dla partnerów biznesowych?

Jednocześnie chciałbym zgłosić problem z moim ostatnim zamówieniem BG-84364. Kupiłem zestaw kluczy do roweru (6-częściowy), ale zestaw zawiera klucze o zbyt małych rozmiarach — nie pasują do moich felg. Czy jest możliwość wymiany produktu na wersję z większymi kluczami albo zwrot pieniędzy?

Proszę o szybką odpowiedź w obu sprawach.

Pozdrawiam,
Tomasz"
e026,"Temat: Prośba o fakturę na firmę - zamówienie BG-19071

Dzień dobry,

Zamówiłem u Was zapięcie U-lock (zamówienie BG-19071) i chciałbym prosić o wystawienie faktury na moją firmę zamiast paragonu. Potrzebuję jej do rozliczeń księgowych. Czy będzie to możliwe i ile czasu to zajmie? Mogę przesłać dane firmy, jeśli trzeba.

Pozdrawiam,
Krzysztof"
e027,"Temat: Problem z fakturą do zamówienia

Cześć,

Otrzymałem fakturę do mojego ostatniego zamówienia sakwy na bagażnik i zauważyłem, że jest na niej błędny NIP. Moja firma ma inny numer niż ten wpisany na dokumentzie. Czy możliwe byłoby wystawienie poprawionej faktury? Będę bardzo wdzięczny za szybkie rozwiązanie tego problemu.

Pozdrawiam,
Marta"
e028,"Temat: Pytanie o gwarancję na sakwę na bagażnik

Cześć,

Jestem zainteresowana zakupem sakwy na bagażnik, ale zanim złożę zamówienie, chciałabym wiedzieć na jak długo macie na nią gwarancję. Czy obejmuje ona np. uszkodzenia spoin czy rozdarcia materiału? Chętnie bym widziała również informacje o warunkach zwrotu, gdyby okazało się, że produkt mnie nie zadowoli. Z góry dziękuję za odpowiedź!

Pozdrawiam,
Kasia"
e029,"Temat: Pytanie o pompki podłogowe

Cześć,

Chciałbym wiedzieć, jaka jest różnica między pompką Lezyne Steel Floor Drive a Topeak JoeBlow Sport III, bo oba modele mają podobne opinie. Czy któraś z nich lepiej nadaje się do prowadzenia domowego warsztatu? Z góry dziękuję za podpowiedź.

Agnieszka"
e030,"Temat: Pytanie o sklep stacjonarny

Cześć,

Chciałabym się dowiedzieć, czy macie jakiś sklep stacjonarny w Warszawie, gdzie mogę zobaczyć zestaw kluczy do roweru przed zakupem? Jeśli tak, to jakie są wasze godziny otwarcia? Chętnie bym do was wpadła w weekend. Dziękuję za odpowiedź.

Pozdrawiam,
Ewa"
e031,"Temat: Pytanie o pracę + błotniki do zamówienia BG-42493

Cześć,

Chciałam zapytać, czy przyjmujecie teraz nowych pracowników do waszego zespołu? Jestem miłośniczką kolarstwa i bardzo lubię waszą ofertę. Poza tym chciałam również dodać do swojego zamówienia BG-42493 błotniki przednie – które macie dostępne? Czekam na odpowiedź.

Pozdrawiam,
Agnieszka"
e032,"Temat: Współpraca - U-lock BikeGear

Cześć,

Niedawno kupiłem u Was zapięcie U-lock (zamówienie BG-82603) i jestem bardzo zadowolony z jakości. Prowadzę na Instagramie konto poświęcone jeżdżeniu po mieście i mam tam spore grono obserwujących, którzy interesują się akcesoriami rowerowymi. Chciałbym zaproponować współpracę — mogę robić posty i stories z Waszymi produktami w zamian za rabat lub możliwość współpracy na rzeczywiste warunkach. Dajcie znać, czy bylibyście zainteresowani.

Pozdrawiam,
Michał"
e033,"Temat: Podwójna płatność za uchwyt na telefon - zamówienie BG-92719

Cześć,

Właśnie zauważyłem, że moja płatność za uchwyt na telefon została pobrana dwa razy z karty. Zamówienie to BG-92719. Czy możecie sprawdzić co się stało i zwrócić mi drugą wpłatę? Dziękuję za szybkie rozpatrzenie sprawy.

Pozdrawiam
Tomasz"
e034,"Temat: Dziękuję za szybką realizację

Cześć,

Chciałem wam podziękować za super szybką przesyłkę mojej pompki podłogowej. Zamówiłem ją w poniedziałek, a już w środę miałem ją w ręku. Świetna jakość sprzętu i obsługa na najwyższym poziomie. Już teraz wiem, że będę u was robić zakupy regularnie. Polecam bardziej wszystkim kolegom z klubu.

Pozdrawiam,
Piotr"
e035,"Temat: Zmiana adresu dostawy - zamowienie BG-97684

Dzien dobry,

Zlozylem zamowienie nr BG-97684 (zapieciee U-lock) kilka godzin temu, ale zrealizowalem, ze podalem zly adres dostawy. Prosze o zmiane adresu przed wysylka paczki.

Nowy adres to:
ul. Pulawska 45/12
02-595 Warszawa

Zamowienie bylo opłacone kartą. Prosze o potwierdzenie, czy beda problemy ze zmiana adresu.

Dziekuje za szybka pomoc!

Pozdrawiam,
Agnieszka"
e036,"Temat: REKLAMACJA - pompka podłogowa nie działa! Zamówienie BG-84847

Dzień dobry,

Jestem absolutnie wściekła! Zamówiłam u Was pompkę podłogową tydzień temu (zamówienie BG-84847) i kiedy ją rozpakuję, okazuje się że ZAWÓR SIĘ NIE ZAŁĄCZA. To jest niewiarygodne! Płaciłam za produkt dobrej jakości, a tutaj dostaję brakowaną rzecz!

Chciałam po prostu napompować opony w moim samochodzie, a Wy wysyłacie mi ten ŚMIETNIK. To jest niedopuszczalne! Czy to tak trudno sprawdzić produkt PRZED wysyłką?!

Oczekuję natychmiastowego rozwiązania sprawy. Albo zwrot pieniędzy, albo nowy produkt. I tym razem żeby DZIAŁAŁ!

Czekam na odpowiedź.

Agnieszka"
e037,"Temat: Prośba o katalog

cześć chciałbym dostać wasz katalog lub zapisać się na newsletter głównie interesują mnie błotniki do roweru bo myślę o wymianie starych może byście mieli jakieś promocje czy coś ciekawego w ofercie pozdrawiam Tomasz"
e038,"Temat: Zwrot pompki podłogowej - zamówienie BG-66498

Cześć,

Chciałbym zwrócić pompkę podłogową z zamówienia BG-66498, którą otrzymałem tydzień temu. Niestety okazała się, że manometr nie działa prawidłowo i wskazania są niedokładne. Jestem w terminie 14 dni na zwrot, więc proszę o instrukcje, jak należy postępować. Czy powinienem najpierw zwrócić się do serwisu czy bezpośrednio organizować przesyłkę zwrotną? Proszę o szybką odpowiedź.

Pozdrawiam,
Piotr"
e039,"Temat: Pytanie o wymiary licznika rowerowego

Cześć,

Chciałabym się dowiedzieć, jakie są dokładne wymiary licznika rowerowego, który widzę w waszej ofercie. Czy macie informację, ile waży? Pytam, bo chcę się upewnić, że będzie kompatybilny z moim kierownicą, zanim go zamówię. Dziękuję za szybką odpowiedź!

Pozdrawiam,
Ewa"
e040,"Temat: Pytanie dotyczące lampki LED i możliwości współpracy

Dzień dobry,

Pisałem (pani pisze) do Was w sprawie lampki rowerowej LED, którą zamówiłem (zamówiłam) niedawno. Generalnie jestem zadowolony (zadowolona) z jakości, ale zastanawiam się, czy bylibyście zainteresowani współpracą w zakresie promocji produktów. 

Współpracuję z kilkoma firmami zajmującymi się pozycjonowaniem stron internetowych i mamy możliwość znacznie poprawy widoczności BikeGear.pl w wyszukiwarce. Ceny są naprawdę konkurencyjne, a efekty widać szybko. Może teraz byłby dobry moment, żeby poruszyć ten temat?

Chętnie wysłałabym (wysłałem) więcej informacji, jeśli byście byli zainteresowani. Dajcie znać, co o tym myślicie.

Pozdrawiam
Ewa"
e041,"Temat: Sprawa dotycząca zamówienia oraz kilka innych spraw

Cześć,

Mam nadzieję, że wszystko się ma dobrze. Piszę do was w sprawie mojego ostatniego zamówienia, ale zarazem chciałbym spytać o kilka innych rzeczy, bo i tak już piszę.

Po pierwsze, chciałbym podziękować za szybką dostawę – przyszła w poniedziałek rano, co było naprawdę fajne. Zamówiłem pompkę podłogową razem z opaską odblaskową i kilkoma innymi drobiazgami. Opaski wyglądają super, już je zainstalowałem na ramie.

Ale tutaj zaczyna się problem – pompka, którą zamówiłem (numer zamówienia BG-68800), przyszła niestety uszkodzona. Manometr jest pęknięty, a zawór powietrza nie zatrzymuje się prawidłowo. Chciałbym wspomnieć, że opakowanie było trochę pogniecione, ale myślałem, że to nie będzie problem. Jednak jak otworzyłem paczkę, od razu zauważyłem, że coś nie jest w porządku.

Tak właśnie – chciałbym też zapytać, czy będziecie mieć w ofercie pompki elektryczne? Bo to by było wygodnie.

Ale wracając do głównej sprawy – czy jest możliwość wymiany tej pompki podłogowej na nową? Mogę odesłać uszkodzoną, oczywiście.

Pozdrawiam
Tomasz"
e042,"Temat: Podwójna płatność za licznik rowerowy - zamówienie BG-42742

Cześć,

Chciałabym zgłosić problem z moją ostatnią transakcją. Właśnie zauważyłam, że płatność za licznik rowerowy została pobrana mi dwa razy, choć złożyłam tylko jedno zamówienie (numer BG-42742). Moglibyście to sprawdzić i zwrócić mi nadpłatę? Będę wdzięczna za szybkie rozwiązanie tej sprawy.

Pozdrawiam,
Marta"
e043,"Temat: Uszkodzony błotnik z zamówienia

Cześć,

Otrzymałem wczoraj błotniki do roweru, które zamawiałem w waszym sklepie. Niestety jeden z nich przyszedł całkowicie zgnieciony i ma pęknięcie na całej długości. Nie da się go już naprawić. Czy mogę dostać wymianę na nowy lub zwrot pieniędzy? Podam więcej szczegółów, jeśli będą potrzebne.

Dziękuję za pomoc.
Ola"
e044,"Temat: Brakuje części w zamówieniu

Cześć,

Otrzymałam dziś paczkę z BikeGear.pl, ale brakuje w niej zapięcia U-lock, które miało być w zestawie. Pozostałe rzeczy są na miejscu, tylko tego zamka nie ma. Czy mogę prosić o wysłanie brakującej części lub szybkie rozwiązanie tej sprawy?

Pozdrawiam,
Anna"
e045,"Temat: Pytanie o numer śledzenia paczki

Cześć,

Zamawiałem u was lampkę rowerową LED i chciałbym wiedzieć, kiedy paczka do mnie dojedzie. Czy możecie mi przesłać numer do śledzenia? Chyba powinna już być wysłana, bo zamówienie złożyłem jakiś tydzień temu.

Dziękuję za pomoc.

Piotr"
e046,"Temat: Pytanie o wysyłkę zamówienia BG-38016

Cześć,

Zamówiłam u Was sakwę na bagażnik (zamówienie BG-38016) kilka dni temu i chciałabym się dowiedzieć, kiedy będzie wysłana? Na stronie zamówienia nie mam żadnych informacji na ten temat. Czy mogę liczyć na wysyłkę w tym tygodniu?

Z góry dziękuję za odpowiedź.

Pozdrawiam,
Ewa"
e047,"Temat: Paczka nie została dostarczona - lampka LED

Cześć,

Dzisiaj czekałem na dostawę mojego zamówienia BG-61173, ale kurier nie zostawił paczki. Próbował mi dzwonić, ale akurat byłem w pracy i nie mogłem odebrać. Czy macie możliwość przesunąć dostawę na inny dzień albo czy paczka wróci do Was? Co powinienem zrobić, aby jak najszybciej otrzymać lampkę?

Dziękuję za pomoc.

Marta"
e048,"Temat: Błotniki z zamówienia BG-82845 się połamały

Cześć,

Zamówiłam u Was błotniki tydzień temu i niestety już się psują. Najpierw odpadł jeden uchwyt, a teraz cały przód się rozkleja. Nie wiem co się stało, ale używałam ich normalnie, nic specjalnego. Czy jest szansa na wymianę lub zwrot? Numer zamówienia to BG-82845.

Pozdrawiam,
Kasia"
e049,"Temat: Wymiana błotników - zamówienie BG-38534

Cześć,

Niedawno otrzymałam błotniki z waszego sklepu, ale okazało się, że są za duże do mojego roweru. Chciałabym je wymienić na rozmiar M zamiast L. Czy jest to możliwe? Zamówienie wykonałam 5 dni temu pod numerem BG-38534. Poza tym jestem bardzo zadowolona z jakości produktu, więc chętnie zamówię u was ponownie. Proszę o informację, jak wygląda procedura wymiany.

Pozdrawiam,
Marta"
e050,"Temat: Zapytanie dotyczące oferty pozycjonowania

Cześć,

Niedawno kupiłem u was uchwyt na telefon (zamówienie BG-51104) i jestem bardzo zadowolony z jakości. Otrzymałem dzisiaj maila z propozycją pozycjonowania strony za bardzo niską cenę i chciałbym wiedzieć, czy to wasza oferta czy może to spam? Nie chcę, żeby wasi konkurenci robili coś takiego z moimi danymi. Może warto wam być ostrożniejszym z informacjami klientów?

Pozdrawiam,
Krzysztof"
