id,category,priority,order_number
e001,product_question,low,none
e002,product_question,low,none
e003,order_status,high,none
e004,order_status,medium,BG-97841
e005,return_complaint,medium,none
e006,product_question,low,BG-45382
e007,product_question,low,none
e008,return_complaint,high,BG-45093
e009,invoice_payment,high,none
e010,order_status,medium,BG-94259
e011,return_complaint,high,BG-83579
e012,product_question,medium,none
e013,order_status,medium,none
e014,return_complaint,high,BG-16175
e015,other,low,BG-99192
e016,other,low,BG-88104
e017,order_status,medium,none
e018,product_question,low,none
e019,invoice_payment,high,BG-30730
e020,return_complaint,medium,none
e021,other,low,BG-23947
e022,order_status,medium,BG-59009
e023,invoice_payment,high,none
e024,other,low,BG-24662
e025,return_complaint,medium,BG-84364
e026,invoice_payment,high,BG-19071
e027,invoice_payment,high,none
e028,product_question,low,none
e029,product_question,low,none
e030,other,low,none
e031,product_question,medium,BG-42493
e032,partnership_spam,low,BG-82603
e033,invoice_payment,high,BG-92719
e034,other,low,none
e035,order_status,medium,BG-97684
e036,return_complaint,high,BG-84847
e037,product_question,low,none
e038,return_complaint,high,BG-66498
e039,product_question,medium,none
e040,partnership_spam,low,none
e041,return_complaint,high,noone
e042,invoice_payment,high,BG-42742
e043,return_complaint,high,none
e044,return_complaint,high,none
e045,order_status,medium,none
e046,order_status,medium,BG-38016
e047,order_status,high,BG-61173
e048,return_complaint,high,BG-82845
e049,return_complaint,medium,BG-38534
e050,other,low,BG-51104