id,category,priority,order_number
f001,product_question,medium,BG-94514
f002,order_status,medium,
f003,order_status,high,BG-62268
f004,return_complaint,high,
f005,return_complaint,medium,
f006,other,low,
f007,invoice_payment,medium,
f008,other,low,
f009,return_complaint,high,BG-16407
f010,return_complaint,medium,BG-91567
f011,order_status,medium,BG-40005
f012,return_complaint,high,BG-81517
f013,order_status,high,
f014,return_complaint,medium,
f015,other,low,
f016,product_question,low,
f017,product_question,low,
f018,partnership_spam,low,
f019,invoice_payment,medium,
f020,product_question,low,
f021,invoice_payment,high,
f022,other,low,
f023,invoice_payment,high,
f024,order_status,low,
f025,other,low,BG-35504
f026,invoice_payment,medium,
f027,other,low,BG-20887
f028,product_question,low,BG-15853
f029,order_status,high,
f030,return_complaint,medium,BG-86423