id,true_category,pred_category,true_priority,pred_priority,true_order,pred_order,hard,summary,parse_ok,latency_s
f001,product_question,product_question,medium,medium,BG-94514,none,n/a,"Customer asks about dimensions, weight, and compatibility of bike tool set BG-94514.",True,1.58
f002,order_status,order_status,medium,medium,none,none,n/a,Customer inquires about tracking number and delivery time for bicycle tools order.,True,1.21
f003,order_status,order_status,high,high,BG-62268,BG-62268,n/a,Customer requests delivery address change before shipment for order BG-62268.,True,1.0
f004,return_complaint,return_complaint,high,high,none,none,n/a,"Missing bell from package received today, requests quick resolution.",True,0.95
f005,return_complaint,return_complaint,medium,medium,none,none,n/a,"Customer wants to exchange bell for different model, item unused.",True,1.2
f006,other,return_complaint,low,high,none,none,n/a,Customer received package with missing rear fender from order.,True,1.74
f007,invoice_payment,invoice_payment,medium,medium,none,none,n/a,"Customer paid for bike computer yesterday, no payment confirmation received yet.",True,1.09
f008,other,other,low,low,none,none,n/a,"Customer received accounting services offer by mistake, clarifies she is a regular customer.",True,0.99
f009,return_complaint,return_complaint,high,high,BG-16407,BG-16407,n/a,Defective pump after 3 weeks; no response for 2 weeks; threatens consumer authority complaint.,True,2.43
f010,return_complaint,return_complaint,medium,medium,BG-91567,BG-91567,n/a,"Customer wants to exchange bell for different model, too loud.",True,0.88
f011,order_status,order_status,medium,high,BG-40005,BG-40005,n/a,Package delivery failed; requests address change or rescheduling.,True,0.96
f012,return_complaint,return_complaint,high,high,BG-81517,BG-81517,n/a,Mudguards arrived damaged with cracks; customer requests replacement or refund.,True,2.93
f013,order_status,order_status,high,high,none,none,n/a,Customer requests urgent delivery address change before shipment.,True,0.96
f014,return_complaint,return_complaint,medium,high,none,none,n/a,"Bicycle bell broken after one week, customer requests exchange or return.",True,1.04
f015,other,other,low,low,none,BG-45263,n/a,"Customer declines accounting services offer, mentions bike computer order.",True,1.05
f016,product_question,product_question,low,medium,none,none,n/a,Customer asks if LED light compatible with Trek FX 3 bike.,True,1.19
f017,product_question,product_question,low,medium,none,none,n/a,Customer asks about warranty coverage for fenders before purchase.,True,1.14
f018,partnership_spam,partnership_spam,low,low,none,none,n/a,Third party proposes dropshipping cooperation and requests wholesale information.,True,1.31
f019,invoice_payment,invoice_payment,medium,medium,none,none,n/a,Customer requests refund status for cancelled bicycle bell order.,True,1.05
f020,product_question,product_question,low,medium,none,none,n/a,Customer asks about differences between two similar bell models before purchase.,True,1.2
f021,invoice_payment,invoice_payment,high,medium,none,none,n/a,Customer concerned about payment confirmation for yesterday's helmet order.,True,1.02
f022,other,partnership_spam,low,low,none,none,n/a,"Customer declines website positioning offer, no budget for marketing services.",True,0.92
f023,invoice_payment,invoice_payment,high,medium,none,none,n/a,Invoice has wrong tax ID and possible VAT calculation error.,True,1.03
f024,order_status,order_status,low,medium,none,none,n/a,"Customer asks about delivery time for recent order, mentions gift deadline.",True,0.94
f025,other,other,low,low,BG-35504,BG-35504,n/a,Customer thanks for fast delivery and product quality.,True,2.85
f026,invoice_payment,invoice_payment,medium,medium,none,none,n/a,Customer requests refund timeline for cancelled rack bag order paid by card.,True,1.43
f027,other,other,low,low,BG-20887,BG-20887,n/a,Customer thanks for fast delivery and product quality.,True,0.86
f028,product_question,product_question,low,medium,BG-15853,BG-15853,n/a,Customer asks about warranty coverage for floor pump before purchase.,True,0.89
f029,order_status,order_status,high,high,none,none,n/a,Customer urgently needs tracking number; needs order by Saturday.,True,0.99
f030,return_complaint,return_complaint,medium,high,BG-86423,BG-86423,n/a,"Damaged pannier bag, seams torn after few days use, requests exchange or refund.",True,0.99
